#ppt,"","",""
"",eco2,eco2,eco2
TIMESTEP,MEAN(mm),VARIANCE(mm^2),STD_DEV(mm)
2000-01-01T00:00:00Z,181.61,0,0
2000-02-01T00:00:00Z,83.82,0,0
2000-03-01T00:00:00Z,166.37,0,0
2000-04-01T00:00:00Z,219.202,0,0
2000-05-01T00:00:00Z,57.15,0,0
2000-06-01T00:00:00Z,142.24,0,0
2000-07-01T00:00:00Z,115.062,0,0
2000-08-01T00:00:00Z,61.214,0,0
2000-09-01T00:00:00Z,128.016,0,0
2000-10-01T00:00:00Z,168.755785714286,0,0
2000-11-01T00:00:00Z,253.746,0,0
2000-12-01T00:00:00Z,98.298,0,0
2001-01-01T00:00:00Z,180.594,0,0
2001-02-01T00:00:00Z,156.464,0,0
2001-03-01T00:00:00Z,177.546,0,0
2001-04-01T00:00:00Z,62.992,0,0
2001-05-01T00:00:00Z,99.568,0,0
2001-06-01T00:00:00Z,254,0,0
2001-07-01T00:00:00Z,72.39,0,0
2001-08-01T00:00:00Z,92.71,0,0
2001-09-01T00:00:00Z,183.388,0,0
2001-10-01T00:00:00Z,122.936,0,0
2001-11-01T00:00:00Z,97.79,0,0
2001-12-01T00:00:00Z,102.616,0,0
2002-01-01T00:00:00Z,199.644,0,0
2002-02-01T00:00:00Z,72.39,0,0
2002-03-01T00:00:00Z,217.932,0,0
2002-04-01T00:00:00Z,81.534,0,0
2002-05-01T00:00:00Z,195.58,0,0
2002-06-01T00:00:00Z,111.76,0,0
2002-07-01T00:00:00Z,117.094,0,0
2002-08-01T00:00:00Z,116.332,0,0
2002-09-01T00:00:00Z,378.968,0,0
2002-10-01T00:00:00Z,151.384,0,0
2002-11-01T00:00:00Z,170.688,0,0
2002-12-01T00:00:00Z,223.266,0,0
2003-01-01T00:00:00Z,80.264,0,0
2003-02-01T00:00:00Z,233.172,0,0
2003-03-01T00:00:00Z,154.432,0,0
2003-04-01T00:00:00Z,168.91,0,0
2003-05-01T00:00:00Z,316.484,0,0
2003-06-01T00:00:00Z,198.882,0,0
2003-07-01T00:00:00Z,285.496,0,0
2003-08-01T00:00:00Z,179.07,0,0
2003-09-01T00:00:00Z,198.374,0,0
2003-10-01T00:00:00Z,83.058,0,0
2003-11-01T00:00:00Z,293.116,0,0
2003-12-01T00:00:00Z,143.764,0,0
2004-01-01T00:00:00Z,100.584,0,0
2004-02-01T00:00:00Z,141.224,0,0
2004-03-01T00:00:00Z,102.87,0,0
2004-04-01T00:00:00Z,116.586,0,0
2004-05-01T00:00:00Z,202.184,0,0
2004-06-01T00:00:00Z,169.418,0,0
2004-07-01T00:00:00Z,153.67,0,0
2004-08-01T00:00:00Z,98.552,0,0
2004-09-01T00:00:00Z,523.24,0,0
2004-10-01T00:00:00Z,46.736,0,0
2004-11-01T00:00:00Z,299.212,0,0
2004-12-01T00:00:00Z,220.726,0,0
2005-01-01T00:00:00Z,100.076,0,0
2005-02-01T00:00:00Z,167.894,0,0
2005-03-01T00:00:00Z,179.832,0,0
2005-04-01T00:00:00Z,193.294,0,0
2005-05-01T00:00:00Z,112.014,0,0
2005-06-01T00:00:00Z,422.402,0,0
2005-07-01T00:00:00Z,310.388,0,0
2005-08-01T00:00:00Z,343.154,0,0
2005-09-01T00:00:00Z,42.926,0,0
2005-10-01T00:00:00Z,87.884,0,0
2005-11-01T00:00:00Z,216.408,0,0
2005-12-01T00:00:00Z,191.008,0,0
2006-01-01T00:00:00Z,218.694,0,0
2006-02-01T00:00:00Z,81.28,0,0
2006-03-01T00:00:00Z,76.708,0,0
2006-04-01T00:00:00Z,141.224,0,0
2006-05-01T00:00:00Z,75.184,0,0
2006-06-01T00:00:00Z,125.476,0,0
2006-07-01T00:00:00Z,71.882,0,0
2006-08-01T00:00:00Z,83.566,0,0
2006-09-01T00:00:00Z,173.99,0,0
2006-10-01T00:00:00Z,175.26,0,0
2006-11-01T00:00:00Z,200.406,0,0
2006-12-01T00:00:00Z,220.98,0,0
2007-01-01T00:00:00Z,133.35,0,0
2007-02-01T00:00:00Z,61.468,0,0
2007-03-01T00:00:00Z,109.982,0,0
2007-04-01T00:00:00Z,140.716,0,0
2007-05-01T00:00:00Z,33.02,0,0
2007-06-01T00:00:00Z,211.074,0,0
2007-07-01T00:00:00Z,144.272,0,0
2007-08-01T00:00:00Z,91.694,0,0
2007-09-01T00:00:00Z,55.626,0,0
2007-10-01T00:00:00Z,166.624,0,0
2007-11-01T00:00:00Z,98.298,0,0
2007-12-01T00:00:00Z,167.64,0,0
2008-01-01T00:00:00Z,157.48,0,0
2008-02-01T00:00:00Z,158.496,0,0
2008-03-01T00:00:00Z,255.778,0,0
2008-04-01T00:00:00Z,112.014,0,0
2008-05-01T00:00:00Z,111.252,0,0
2008-06-01T00:00:00Z,73.914,0,0
2008-07-01T00:00:00Z,86.36,0,0
2008-08-01T00:00:00Z,307.594,0,0
2008-09-01T00:00:00Z,25.654,0,0
2008-10-01T00:00:00Z,103.378,0,0
2008-11-01T00:00:00Z,110.744,0,0
2008-12-01T00:00:00Z,284.226,0,0
2009-01-01T00:00:00Z,195.326,0,0
2009-02-01T00:00:00Z,115.57,0,0
2009-03-01T00:00:00Z,203.454,0,0
2009-04-01T00:00:00Z,157.226,0,0
2009-05-01T00:00:00Z,320.04,0,0
2009-06-01T00:00:00Z,59.69,0,0
2009-07-01T00:00:00Z,150.368,0,0
2009-08-01T00:00:00Z,165.1,0,0
2009-09-01T00:00:00Z,373.126,0,0
2009-10-01T00:00:00Z,273.05,0,0
2009-11-01T00:00:00Z,218.44,0,0
2009-12-01T00:00:00Z,286.766,0,0
2010-01-01T00:00:00Z,199.39,0,0
2010-02-01T00:00:00Z,145.034,0,0
2010-03-01T00:00:00Z,124.968,0,0
2010-04-01T00:00:00Z,118.364,0,0
2010-05-01T00:00:00Z,162.56,0,0
2010-06-01T00:00:00Z,96.012,0,0
2010-07-01T00:00:00Z,64.008,0,0
2010-08-01T00:00:00Z,148.336,0,0
2010-09-01T00:00:00Z,163.322,0,0
2010-10-01T00:00:00Z,145.796,0,0
2010-11-01T00:00:00Z,210.058,0,0
2010-12-01T00:00:00Z,112.522,0,0
2011-01-01T00:00:00Z,97.536,0,0
2011-02-01T00:00:00Z,131.064,0,0
2011-03-01T00:00:00Z,373.38,0,0
2011-04-01T00:00:00Z,286.512,0,0
2011-05-01T00:00:00Z,100.838,0,0
2011-06-01T00:00:00Z,141.732,0,0
2011-07-01T00:00:00Z,73.914,0,0
2011-08-01T00:00:00Z,25.908,0,0
2011-09-01T00:00:00Z,204.724,0,0
2011-10-01T00:00:00Z,78.74,0,0
2011-11-01T00:00:00Z,264.16,0,0
2011-12-01T00:00:00Z,211.328,0,0
2012-01-01T00:00:00Z,229.362,0,0
2012-02-01T00:00:00Z,95.504,0,0
2012-03-01T00:00:00Z,157.734,0,0
2012-04-01T00:00:00Z,198.12,0,0
2012-05-01T00:00:00Z,160.782,0,0
2012-06-01T00:00:00Z,107.442,0,0
2012-07-01T00:00:00Z,283.972,0,0
2012-08-01T00:00:00Z,111.252,0,0
2012-09-01T00:00:00Z,139.446,0,0
2012-10-01T00:00:00Z,211.836,0,0
2012-11-01T00:00:00Z,25.908,0,0
2012-12-01T00:00:00Z,196.342,0,0
2013-01-01T00:00:00Z,535.94,0,0
2013-02-01T00:00:00Z,182.88,0,0
2013-03-01T00:00:00Z,169.164,0,0
2013-04-01T00:00:00Z,242.062,0,0
2013-05-01T00:00:00Z,141.732,0,0
2013-06-01T00:00:00Z,232.664,0,0
2013-07-01T00:00:00Z,468.376,0,0
2013-08-01T00:00:00Z,104.648,0,0
2013-09-01T00:00:00Z,114.808,0,0
2013-10-01T00:00:00Z,62.992,0,0
2013-11-01T00:00:00Z,182.372,0,0
2013-12-01T00:00:00Z,335.534,0,0
2014-01-01T00:00:00Z,117.856,0,0
2014-02-01T00:00:00Z,149.86,0,0
2014-03-01T00:00:00Z,116.84,0,0
2014-04-01T00:00:00Z,200.66,0,0
2014-05-01T00:00:00Z,95.758,0,0
2014-06-01T00:00:00Z,232.664,0,0
2014-07-01T00:00:00Z,189.738,0,0
2014-08-01T00:00:00Z,107.696,0,0
2014-09-01T00:00:00Z,81.28,0,0
2014-10-01T00:00:00Z,266.192,0,0
2014-11-01T00:00:00Z,127.254,0,0
2014-12-01T00:00:00Z,131.064,0,0
2015-01-01T00:00:00Z,114.3,0,0
2015-02-01T00:00:00Z,165.862,0,0
2015-03-01T00:00:00Z,119.38,0,0
2015-04-01T00:00:00Z,256.032,0,0
2015-05-01T00:00:00Z,94.488,0,0
2015-06-01T00:00:00Z,163.068,0,0
2015-07-01T00:00:00Z,148.59,0,0
2015-08-01T00:00:00Z,161.798,0,0
2015-09-01T00:00:00Z,148.844,0,0
2015-10-01T00:00:00Z,242.57,0,0
2015-11-01T00:00:00Z,295.402,0,0
2015-12-01T00:00:00Z,609.854,0,0
2016-01-01T00:00:00Z,125.984,0,0
2016-02-01T00:00:00Z,273.558,0,0
2016-03-01T00:00:00Z,105.664,0,0
2016-04-01T00:00:00Z,120.65,0,0
2016-05-01T00:00:00Z,80.772,0,0
2016-06-01T00:00:00Z,128.524,0,0
2016-07-01T00:00:00Z,171.45,0,0
2016-08-01T00:00:00Z,144.018,0,0
2016-09-01T00:00:00Z,28.956,0,0
2016-10-01T00:00:00Z,12.446,0,0
2016-11-01T00:00:00Z,123.444,0,0
2016-12-01T00:00:00Z,136.144,0,0
2017-01-01T00:00:00Z,161.544,0,0
2017-02-01T00:00:00Z,106.426,0,0
2017-03-01T00:00:00Z,179.832,0,0
2017-04-01T00:00:00Z,201.422,0,0
2017-05-01T00:00:00Z,262.382,0,0
2017-06-01T00:00:00Z,193.04,0,0
2017-07-01T00:00:00Z,89.154,0,0
2017-08-01T00:00:00Z,152.4,0,0
2017-09-01T00:00:00Z,113.03,0,0
2017-10-01T00:00:00Z,319.786,0,0
2017-11-01T00:00:00Z,64.008,0,0
2017-12-01T00:00:00Z,103.124,0,0
2018-01-01T00:00:00Z,162.052,0,0
2018-02-01T00:00:00Z,333.756,0,0
2018-03-01T00:00:00Z,144.018,0,0
2018-04-01T00:00:00Z,229.87,0,0
2018-05-01T00:00:00Z,488.696,0,0
2018-06-01T00:00:00Z,79.248,0,0
2018-07-01T00:00:00Z,265.43,0,0
2018-08-01T00:00:00Z,262.382,0,0
2018-09-01T00:00:00Z,155.194,0,0
2018-10-01T00:00:00Z,179.324,0,0
2018-11-01T00:00:00Z,251.968,0,0
2018-12-01T00:00:00Z,372.872,0,0
2019-01-01T00:00:00Z,197.866,0,0
2019-02-01T00:00:00Z,373.888,0,0
2019-03-01T00:00:00Z,194.818,0,0
2019-04-01T00:00:00Z,306.324,0,0
2019-05-01T00:00:00Z,156.718,0,0
2019-06-01T00:00:00Z,246.634,0,0
2019-07-01T00:00:00Z,86.36,0,0
2019-08-01T00:00:00Z,71.628,0,0
2019-09-01T00:00:00Z,10.16,0,0
2019-10-01T00:00:00Z,398.526,0,0
2019-11-01T00:00:00Z,93.726,0,0
2019-12-01T00:00:00Z,230.886,0,0
2020-01-01T00:00:00Z,291.338,0,0
2020-02-01T00:00:00Z,393.192,0,0
2020-03-01T00:00:00Z,212.598,0,0
2020-04-01T00:00:00Z,322.834,0,0
2020-05-01T00:00:00Z,246.634,0,0
2020-06-01T00:00:00Z,137.16,0,0
2020-07-01T00:00:00Z,166.37,0,0
2020-08-01T00:00:00Z,258.572,0,0
2020-09-01T00:00:00Z,229.616,0,0
2020-10-01T00:00:00Z,379.476,0,0
2020-11-01T00:00:00Z,171.958,0,0
2020-12-01T00:00:00Z,175.514,0,0
2021-01-01T00:00:00Z,143.256,0,0
2021-02-01T00:00:00Z,189.484,0,0
2021-03-01T00:00:00Z,368.046,0,0
2021-04-01T00:00:00Z,70.612,0,0
2021-05-01T00:00:00Z,138.938,0,0
2021-06-01T00:00:00Z,142.494,0,0
2021-07-01T00:00:00Z,122.174,0,0
2021-08-01T00:00:00Z,417.83,0,0
2021-09-01T00:00:00Z,106.68,0,0
2021-10-01T00:00:00Z,189.992,0,0
2021-11-01T00:00:00Z,43.688,0,0
2021-12-01T00:00:00Z,136.398,0,0
#mintemp,"","",""
"",eco2,eco2,eco2
TIMESTEP,MEAN(C),VARIANCE(C^2),STD_DEV(C)
2000-01-01T00:00:00Z,-3.14516129032258,0,0
2000-02-01T00:00:00Z,-1.10344827586207,0,0
2000-03-01T00:00:00Z,2.00322580645161,0,0
2000-04-01T00:00:00Z,5.42333333333333,0,0
2000-05-01T00:00:00Z,12.2064516129032,0,0
2000-06-01T00:00:00Z,15.1766666666667,0,0
2000-07-01T00:00:00Z,16.958064516129,0,0
2000-08-01T00:00:00Z,16.5064516129032,0,0
2000-09-01T00:00:00Z,13.5866666666667,0,0
2000-10-01T00:00:00Z,6.34193548387097,0,0
2000-11-01T00:00:00Z,1.20333333333333,0,0
2000-12-01T00:00:00Z,-5.54516129032258,0,0
2001-01-01T00:00:00Z,-4.4,0,0
2001-02-01T00:00:00Z,0.507142857142857,0,0
2001-03-01T00:00:00Z,0.232258064516129,0,0
2001-04-01T00:00:00Z,6.60333333333333,0,0
2001-05-01T00:00:00Z,10.1548387096774,0,0
2001-06-01T00:00:00Z,15.17,0,0
2001-07-01T00:00:00Z,16.2096774193548,0,0
2001-08-01T00:00:00Z,16.3322580645161,0,0
2001-09-01T00:00:00Z,10.29,0,0
2001-10-01T00:00:00Z,2.87741935483871,0,0
2001-11-01T00:00:00Z,1.29333333333333,0,0
2001-12-01T00:00:00Z,-0.067741935483871,0,0
2002-01-01T00:00:00Z,-3.13548387096774,0,0
2002-02-01T00:00:00Z,-3.31428571428571,0,0
2002-03-01T00:00:00Z,1.07741935483871,0,0
2002-04-01T00:00:00Z,7.46,0,0
2002-05-01T00:00:00Z,8.60967741935484,0,0
2002-06-01T00:00:00Z,13.3466666666667,0,0
2002-07-01T00:00:00Z,16.158064516129,0,0
2002-08-01T00:00:00Z,14.9161290322581,0,0
2002-09-01T00:00:00Z,14.82,0,0
2002-10-01T00:00:00Z,10.1870967741935,0,0
2002-11-01T00:00:00Z,0.186666666666667,0,0
2002-12-01T00:00:00Z,-2.32258064516129,0,0
2003-01-01T00:00:00Z,-4.54193548387097,0,0
2003-02-01T00:00:00Z,-1.175,0,0
2003-03-01T00:00:00Z,3.6,0,0
2003-04-01T00:00:00Z,5.97,0,0
2003-05-01T00:00:00Z,11.5387096774194,0,0
2003-06-01T00:00:00Z,12.89,0,0
2003-07-01T00:00:00Z,15.2387096774194,0,0
2003-08-01T00:00:00Z,16.4870967741935,0,0
2003-09-01T00:00:00Z,10.8466666666667,0,0
2003-10-01T00:00:00Z,5.26451612903226,0,0
2003-11-01T00:00:00Z,3.38,0,0
2003-12-01T00:00:00Z,-4.34838709677419,0,0
2004-01-01T00:00:00Z,-3.90967741935484,0,0
2004-02-01T00:00:00Z,-1.9,0,0
2004-03-01T00:00:00Z,2.73225806451613,0,0
2004-04-01T00:00:00Z,5.38666666666667,0,0
2004-05-01T00:00:00Z,11.7193548387097,0,0
2004-06-01T00:00:00Z,15.2033333333333,0,0
2004-07-01T00:00:00Z,15.7741935483871,0,0
2004-08-01T00:00:00Z,14.8677419354839,0,0
2004-09-01T00:00:00Z,12.5,0,0
2004-10-01T00:00:00Z,9.18064516129032,0,0
2004-11-01T00:00:00Z,3.76666666666667,0,0
2004-12-01T00:00:00Z,-3.39354838709677,0,0
2005-01-01T00:00:00Z,-1.55806451612903,0,0
2005-02-01T00:00:00Z,-0.535714285714286,0,0
2005-03-01T00:00:00Z,1.12903225806452,0,0
2005-04-01T00:00:00Z,4.88333333333333,0,0
2005-05-01T00:00:00Z,7.89032258064516,0,0
2005-06-01T00:00:00Z,14.71,0,0
2005-07-01T00:00:00Z,17.1612903225806,0,0
2005-08-01T00:00:00Z,16.8451612903226,0,0
2005-09-01T00:00:00Z,12.2266666666667,0,0
2005-10-01T00:00:00Z,7.56451612903226,0,0
2005-11-01T00:00:00Z,1.57,0,0
2005-12-01T00:00:00Z,-3.69032258064516,0,0
2006-01-01T00:00:00Z,-0.0129032258064516,0,0
2006-02-01T00:00:00Z,-2.59285714285714,0,0
2006-03-01T00:00:00Z,1.52903225806452,0,0
2006-04-01T00:00:00Z,6.55666666666667,0,0
2006-05-01T00:00:00Z,8.89032258064516,0,0
2006-06-01T00:00:00Z,12.2266666666667,0,0
2006-07-01T00:00:00Z,15.9483870967742,0,0
2006-08-01T00:00:00Z,17.4064516129032,0,0
2006-09-01T00:00:00Z,12.0566666666667,0,0
2006-10-01T00:00:00Z,4.96129032258064,0,0
2006-11-01T00:00:00Z,1.03,0,0
2006-12-01T00:00:00Z,-1.61290322580645,0,0
2007-01-01T00:00:00Z,-1.76129032258065,0,0
2007-02-01T00:00:00Z,-4.38214285714286,0,0
2007-03-01T00:00:00Z,3.52903225806452,0,0
2007-04-01T00:00:00Z,4.16,0,0
2007-05-01T00:00:00Z,8.40645161290323,0,0
2007-06-01T00:00:00Z,13.952,0,0
2007-07-01T00:00:00Z,15.2741935483871,0,0
2007-08-01T00:00:00Z,16.9193548387097,0,0
2007-09-01T00:00:00Z,12.1733333333333,0,0
2007-10-01T00:00:00Z,7.98064516129032,0,0
2007-11-01T00:00:00Z,0.11,0,0
2007-12-01T00:00:00Z,0.47741935483871,0,0
2008-01-01T00:00:00Z,-4.26129032258065,0,0
2008-02-01T00:00:00Z,-0.886206896551724,0,0
2008-03-01T00:00:00Z,0.767741935483871,0,0
2008-04-01T00:00:00Z,6.42666666666667,0,0
2008-05-01T00:00:00Z,9.46774193548387,0,0
2008-06-01T00:00:00Z,13.4633333333333,0,0
2008-07-01T00:00:00Z,14.241935483871,0,0
2008-08-01T00:00:00Z,14.9838709677419,0,0
2008-09-01T00:00:00Z,12.8233333333333,0,0
2008-10-01T00:00:00Z,4.70645161290323,0,0
2008-11-01T00:00:00Z,-1.44666666666667,0,0
2008-12-01T00:00:00Z,0.696774193548387,0,0
2009-01-01T00:00:00Z,-3.99677419354839,0,0
2009-02-01T00:00:00Z,-3.35357142857143,0,0
2009-03-01T00:00:00Z,1.94193548387097,0,0
2009-04-01T00:00:00Z,4.72666666666667,0,0
2009-05-01T00:00:00Z,11.5612903225806,0,0
2009-06-01T00:00:00Z,14.1033333333333,0,0
2009-07-01T00:00:00Z,14.0935483870968,0,0
2009-08-01T00:00:00Z,15.4806451612903,0,0
2009-09-01T00:00:00Z,13.8333333333333,0,0
2009-10-01T00:00:00Z,6.31612903225806,0,0
2009-11-01T00:00:00Z,2.04,0,0
2009-12-01T00:00:00Z,-2.49677419354839,0,0
2010-01-01T00:00:00Z,-5.49354838709677,0,0
2010-02-01T00:00:00Z,-4.39642857142857,0,0
2010-03-01T00:00:00Z,0.00322580645161291,0,0
2010-04-01T00:00:00Z,5.36333333333333,0,0
2010-05-01T00:00:00Z,11.84,0,0
2010-06-01T00:00:00Z,15.9166666666667,0,0
2010-07-01T00:00:00Z,17.2935483870968,0,0
2010-08-01T00:00:00Z,17.7214285714286,0,0
2010-09-01T00:00:00Z,10.9233333333333,0,0
2010-10-01T00:00:00Z,3.69354838709677,0,0
2010-11-01T00:00:00Z,1.1,0,0
2010-12-01T00:00:00Z,-6.06129032258065,0,0
2011-01-01T00:00:00Z,-5.06129032258065,0,0
2011-02-01T00:00:00Z,-1.02857142857143,0,0
2011-03-01T00:00:00Z,3.52903225806452,0,0
2011-04-01T00:00:00Z,7.32333333333333,0,0
2011-05-01T00:00:00Z,9.68709677419355,0,0
2011-06-01T00:00:00Z,14.8533333333333,0,0
2011-07-01T00:00:00Z,17.7870967741936,0,0
2011-08-01T00:00:00Z,15.4774193548387,0,0
2011-09-01T00:00:00Z,12.2933333333333,0,0
2011-10-01T00:00:00Z,4.50322580645161,0,0
2011-11-01T00:00:00Z,1.93333333333333,0,0
2011-12-01T00:00:00Z,-0.0161290322580646,0,0
2012-01-01T00:00:00Z,-0.964516129032258,0,0
2012-02-01T00:00:00Z,-0.420689655172414,0,0
2012-03-01T00:00:00Z,6.38064516129032,0,0
2012-04-01T00:00:00Z,7.59333333333333,0,0
2012-05-01T00:00:00Z,12.0129032258065,0,0
2012-06-01T00:00:00Z,13.3333333333333,0,0
2012-07-01T00:00:00Z,17.3870967741935,0,0
2012-08-01T00:00:00Z,15.1548387096774,0,0
2012-09-01T00:00:00Z,11.6666666666667,0,0
2012-10-01T00:00:00Z,6.36774193548387,0,0
2012-11-01T00:00:00Z,-0.92,0,0
2012-12-01T00:00:00Z,1.18064516129032,0,0
2013-01-01T00:00:00Z,1.06451612903226,0,0
2013-02-01T00:00:00Z,-1.93214285714286,0,0
2013-03-01T00:00:00Z,-0.635483870967742,0,0
2013-04-01T00:00:00Z,5.53333333333333,0,0
2013-05-01T00:00:00Z,9.49677419354839,0,0
2013-06-01T00:00:00Z,14.7266666666667,0,0
2013-07-01T00:00:00Z,16.7193548387097,0,0
2013-08-01T00:00:00Z,15.8645161290323,0,0
2013-09-01T00:00:00Z,12.6866666666667,0,0
2013-10-01T00:00:00Z,6.23870967741935,0,0
2013-11-01T00:00:00Z,-0.25,0,0
2013-12-01T00:00:00Z,-0.109677419354839,0,0
2014-01-01T00:00:00Z,-7.65806451612903,0,0
2014-02-01T00:00:00Z,-2.23571428571429,0,0
2014-03-01T00:00:00Z,0.138709677419355,0,0
2014-04-01T00:00:00Z,5.71666666666667,0,0
2014-05-01T00:00:00Z,9.61935483870968,0,0
2014-06-01T00:00:00Z,15.2566666666667,0,0
2014-07-01T00:00:00Z,14.958064516129,0,0
2014-08-01T00:00:00Z,15.1516129032258,0,0
2014-09-01T00:00:00Z,15.1833333333333,0,0
2014-10-01T00:00:00Z,6.08387096774194,0,0
2014-11-01T00:00:00Z,-1.57666666666667,0,0
2014-12-01T00:00:00Z,1.02903225806452,0,0
2015-01-01T00:00:00Z,-3.29354838709677,0,0
2015-02-01T00:00:00Z,-5.41428571428571,0,0
2015-03-01T00:00:00Z,3.60645161290323,0,0
2015-04-01T00:00:00Z,7.78333333333333,0,0
2015-05-01T00:00:00Z,10.7451612903226,0,0
2015-06-01T00:00:00Z,14.83,0,0
2015-07-01T00:00:00Z,16.6935483870968,0,0
2015-08-01T00:00:00Z,15.1612903225806,0,0
2015-09-01T00:00:00Z,12.8033333333333,0,0
2015-10-01T00:00:00Z,7.24193548387097,0,0
2015-11-01T00:00:00Z,4.75333333333333,0,0
2015-12-01T00:00:00Z,4.52258064516129,0,0
2016-01-01T00:00:00Z,-4.19032258064516,0,0
2016-02-01T00:00:00Z,-1.30344827586207,0,0
2016-03-01T00:00:00Z,3.42903225806452,0,0
2016-04-01T00:00:00Z,5.88333333333333,0,0
2016-05-01T00:00:00Z,9.8,0,0
2016-06-01T00:00:00Z,14.0266666666667,0,0
2016-07-01T00:00:00Z,16.6322580645161,0,0
2016-08-01T00:00:00Z,17.2967741935484,0,0
2016-09-01T00:00:00Z,13.0266666666667,0,0
2016-10-01T00:00:00Z,6.75161290322581,0,0
2016-11-01T00:00:00Z,1.28333333333333,0,0
2016-12-01T00:00:00Z,-0.732258064516129,0,0
2017-01-01T00:00:00Z,0.993548387096774,0,0
2017-02-01T00:00:00Z,0.975,0,0
2017-03-01T00:00:00Z,2.05806451612903,0,0
2017-04-01T00:00:00Z,8.83666666666667,0,0
2017-05-01T00:00:00Z,10.2354838709677,0,0
2017-06-01T00:00:00Z,14.0533333333333,0,0
2017-07-01T00:00:00Z,16.7,0,0
2017-08-01T00:00:00Z,15.758064516129,0,0
2017-09-01T00:00:00Z,10.8933333333333,0,0
2017-10-01T00:00:00Z,6.66451612903226,0,0
2017-11-01T00:00:00Z,1.99666666666667,0,0
2017-12-01T00:00:00Z,-1.1,0,0
2018-01-01T00:00:00Z,-5.71612903225806,0,0
2018-02-01T00:00:00Z,4.79285714285714,0,0
2018-03-01T00:00:00Z,1.92903225806452,0,0
2018-04-01T00:00:00Z,3.75666666666667,0,0
2018-05-01T00:00:00Z,13.5129032258065,0,0
2018-06-01T00:00:00Z,15.4133333333333,0,0
2018-07-01T00:00:00Z,16.7387096774194,0,0
2018-08-01T00:00:00Z,15.5322580645161,0,0
2018-09-01T00:00:00Z,16.5966666666667,0,0
2018-10-01T00:00:00Z,8.43870967741936,0,0
2018-11-01T00:00:00Z,0.606666666666667,0,0
2018-12-01T00:00:00Z,0.380645161290323,0,0
2019-01-01T00:00:00Z,-1.65483870967742,0,0
2019-02-01T00:00:00Z,3.47857142857143,0,0
2019-03-01T00:00:00Z,1.46129032258065,0,0
2019-04-01T00:00:00Z,6.79,0,0
2019-05-01T00:00:00Z,11.9806451612903,0,0
2019-06-01T00:00:00Z,14.3633333333333,0,0
2019-07-01T00:00:00Z,16.2903225806452,0,0
2019-08-01T00:00:00Z,15.9115384615385,0,0
2019-09-01T00:00:00Z,13.5766666666667,0,0
2019-10-01T00:00:00Z,8.99032258064516,0,0
2019-11-01T00:00:00Z,0.0666666666666667,0,0
2019-12-01T00:00:00Z,0.783870967741936,0,0
2020-01-01T00:00:00Z,0.17741935483871,0,0
2020-02-01T00:00:00Z,1.04827586206897,0,0
2020-03-01T00:00:00Z,6.15161290322581,0,0
2020-04-01T00:00:00Z,4.48,0,0
2020-05-01T00:00:00Z,9.58387096774194,0,0
2020-06-01T00:00:00Z,14.2833333333333,0,0
2020-07-01T00:00:00Z,17.1290322580645,0,0
2020-08-01T00:00:00Z,16.6516129032258,0,0
2020-09-01T00:00:00Z,13.0433333333333,0,0
2020-10-01T00:00:00Z,7.80967741935484,0,0
2020-11-01T00:00:00Z,2.92666666666667,0,0
2020-12-01T00:00:00Z,-2.70322580645161,0,0
2021-01-01T00:00:00Z,-1.79032258064516,0,0
2021-02-01T00:00:00Z,-0.55,0,0
2021-03-01T00:00:00Z,3.38709677419355,0,0
2021-04-01T00:00:00Z,4.43333333333333,0,0
2021-05-01T00:00:00Z,9.24516129032258,0,0
2021-06-01T00:00:00Z,14.7533333333333,0,0
2021-07-01T00:00:00Z,16.0225806451613,0,0
2021-08-01T00:00:00Z,16.5451612903226,0,0
2021-09-01T00:00:00Z,12.23,0,0
2021-10-01T00:00:00Z,8.77741935483871,0,0
2021-11-01T00:00:00Z,-1.06333333333333,0,0
2021-12-01T00:00:00Z,1.97741935483871,0,0
#maxtemp,"","",""
"",eco2,eco2,eco2
TIMESTEP,MEAN(C),VARIANCE(C^2),STD_DEV(C)
2000-01-01T00:00:00Z,10.9064516129032,0,0
2000-02-01T00:00:00Z,15.9103448275862,0,0
2000-03-01T00:00:00Z,19.5322580645161,0,0
2000-04-01T00:00:00Z,20.3766666666667,0,0
2000-05-01T00:00:00Z,26.8645161290323,0,0
2000-06-01T00:00:00Z,28.56,0,0
2000-07-01T00:00:00Z,29.8870967741935,0,0
2000-08-01T00:00:00Z,29.4612903225806,0,0
2000-09-01T00:00:00Z,25.8266666666667,0,0
2000-10-01T00:00:00Z,23.8032258064516,0,0
2000-11-01T00:00:00Z,14.3533333333333,0,0
2000-12-01T00:00:00Z,7.79677419354839,0,0
2001-01-01T00:00:00Z,10.4322580645161,0,0
2001-02-01T00:00:00Z,14.7142857142857,0,0
2001-03-01T00:00:00Z,14.3483870967742,0,0
2001-04-01T00:00:00Z,22.2733333333333,0,0
2001-05-01T00:00:00Z,24.8709677419355,0,0
2001-06-01T00:00:00Z,27.73,0,0
2001-07-01T00:00:00Z,28.5774193548387,0,0
2001-08-01T00:00:00Z,28.3032258064516,0,0
2001-09-01T00:00:00Z,24.3366666666667,0,0
2001-10-01T00:00:00Z,20.0096774193548,0,0
2001-11-01T00:00:00Z,19.91,0,0
2001-12-01T00:00:00Z,13.7935483870968,0,0
2002-01-01T00:00:00Z,12.4838709677419,0,0
2002-02-01T00:00:00Z,12.0285714285714,0,0
2002-03-01T00:00:00Z,16.8709677419355,0,0
2002-04-01T00:00:00Z,22.11,0,0
2002-05-01T00:00:00Z,23.658064516129,0,0
2002-06-01T00:00:00Z,27.9766666666667,0,0
2002-07-01T00:00:00Z,29.4516129032258,0,0
2002-08-01T00:00:00Z,29.3645161290323,0,0
2002-09-01T00:00:00Z,25.6566666666667,0,0
2002-10-01T00:00:00Z,20.9870967741935,0,0
2002-11-01T00:00:00Z,13.6233333333333,0,0
2002-12-01T00:00:00Z,10.5483870967742,0,0
2003-01-01T00:00:00Z,8.62258064516129,0,0
2003-02-01T00:00:00Z,11.2321428571429,0,0
2003-03-01T00:00:00Z,17.5129032258065,0,0
2003-04-01T00:00:00Z,20.89,0,0
2003-05-01T00:00:00Z,23.4193548387097,0,0
2003-06-01T00:00:00Z,26.4033333333333,0,0
2003-07-01T00:00:00Z,27.5903225806452,0,0
2003-08-01T00:00:00Z,28.3870967741935,0,0
2003-09-01T00:00:00Z,25.0766666666667,0,0
2003-10-01T00:00:00Z,20.1096774193548,0,0
2003-11-01T00:00:00Z,19.1266666666667,0,0
2003-12-01T00:00:00Z,9.93870967741936,0,0
2004-01-01T00:00:00Z,10.5193548387097,0,0
2004-02-01T00:00:00Z,10.4137931034483,0,0
2004-03-01T00:00:00Z,16.9225806451613,0,0
2004-04-01T00:00:00Z,20.65,0,0
2004-05-01T00:00:00Z,25.4387096774194,0,0
2004-06-01T00:00:00Z,26.8366666666667,0,0
2004-07-01T00:00:00Z,28.7193548387097,0,0
2004-08-01T00:00:00Z,27.1967741935484,0,0
2004-09-01T00:00:00Z,25.35,0,0
2004-10-01T00:00:00Z,22.2258064516129,0,0
2004-11-01T00:00:00Z,17.2466666666667,0,0
2004-12-01T00:00:00Z,11.0645161290323,0,0
2005-01-01T00:00:00Z,12.5645161290323,0,0
2005-02-01T00:00:00Z,12.3714285714286,0,0
2005-03-01T00:00:00Z,15.1741935483871,0,0
2005-04-01T00:00:00Z,20.0966666666667,0,0
2005-05-01T00:00:00Z,23.3838709677419,0,0
2005-06-01T00:00:00Z,26.5166666666667,0,0
2005-07-01T00:00:00Z,28.7741935483871,0,0
2005-08-01T00:00:00Z,28.8967741935484,0,0
2005-09-01T00:00:00Z,27.41,0,0
2005-10-01T00:00:00Z,21.9290322580645,0,0
2005-11-01T00:00:00Z,17.04,0,0
2005-12-01T00:00:00Z,9.52258064516129,0,0
2006-01-01T00:00:00Z,13.3645161290323,0,0
2006-02-01T00:00:00Z,10.8607142857143,0,0
2006-03-01T00:00:00Z,16.6225806451613,0,0
2006-04-01T00:00:00Z,23.43,0,0
2006-05-01T00:00:00Z,23.6258064516129,0,0
2006-06-01T00:00:00Z,27.8166666666667,0,0
2006-07-01T00:00:00Z,30.0258064516129,0,0
2006-08-01T00:00:00Z,29.9354838709677,0,0
2006-09-01T00:00:00Z,24.1033333333333,0,0
2006-10-01T00:00:00Z,19.9516129032258,0,0
2006-11-01T00:00:00Z,17.33,0,0
2006-12-01T00:00:00Z,14.4258064516129,0,0
2007-01-01T00:00:00Z,11.0806451612903,0,0
2007-02-01T00:00:00Z,10.9535714285714,0,0
2007-03-01T00:00:00Z,20,0,0
2007-04-01T00:00:00Z,19.72,0,0
2007-05-01T00:00:00Z,26.2225806451613,0,0
2007-06-01T00:00:00Z,28.948,0,0
2007-07-01T00:00:00Z,27.5548387096774,0,0
2007-08-01T00:00:00Z,31.6,0,0
2007-09-01T00:00:00Z,27.56,0,0
2007-10-01T00:00:00Z,22.8677419354839,0,0
2007-11-01T00:00:00Z,16.4633333333333,0,0
2007-12-01T00:00:00Z,14.1838709677419,0,0
2008-01-01T00:00:00Z,9.84193548387097,0,0
2008-02-01T00:00:00Z,13.8275862068966,0,0
2008-03-01T00:00:00Z,16.3322580645161,0,0
2008-04-01T00:00:00Z,21.1333333333333,0,0
2008-05-01T00:00:00Z,24.6483870967742,0,0
2008-06-01T00:00:00Z,29.1666666666667,0,0
2008-07-01T00:00:00Z,29.841935483871,0,0
2008-08-01T00:00:00Z,29.0774193548387,0,0
2008-09-01T00:00:00Z,26.43,0,0
2008-10-01T00:00:00Z,20.5354838709677,0,0
2008-11-01T00:00:00Z,14.6466666666667,0,0
2008-12-01T00:00:00Z,12.4354838709677,0,0
2009-01-01T00:00:00Z,9.85161290322581,0,0
2009-02-01T00:00:00Z,12.0071428571429,0,0
2009-03-01T00:00:00Z,16.6193548387097,0,0
2009-04-01T00:00:00Z,20.79,0,0
2009-05-01T00:00:00Z,23.8225806451613,0,0
2009-06-01T00:00:00Z,29.7233333333333,0,0
2009-07-01T00:00:00Z,27.6903225806452,0,0
2009-08-01T00:00:00Z,28.3258064516129,0,0
2009-09-01T00:00:00Z,24.6666666666667,0,0
2009-10-01T00:00:00Z,19.4967741935484,0,0
2009-11-01T00:00:00Z,17.6933333333333,0,0
2009-12-01T00:00:00Z,8.70645161290323,0,0
2010-01-01T00:00:00Z,7.43225806451613,0,0
2010-02-01T00:00:00Z,7.15357142857143,0,0
2010-03-01T00:00:00Z,14.1064516129032,0,0
2010-04-01T00:00:00Z,23.5733333333333,0,0
2010-05-01T00:00:00Z,25.0733333333333,0,0
2010-06-01T00:00:00Z,29.6166666666667,0,0
2010-07-01T00:00:00Z,30.4677419354839,0,0
2010-08-01T00:00:00Z,29.9071428571429,0,0
2010-09-01T00:00:00Z,28.3566666666667,0,0
2010-10-01T00:00:00Z,22.3225806451613,0,0
2010-11-01T00:00:00Z,16.7133333333333,0,0
2010-12-01T00:00:00Z,6.31290322580645,0,0
2011-01-01T00:00:00Z,7.78709677419355,0,0
2011-02-01T00:00:00Z,14.1821428571429,0,0
2011-03-01T00:00:00Z,16.8645161290323,0,0
2011-04-01T00:00:00Z,23,0,0
2011-05-01T00:00:00Z,25.7096774193548,0,0
2011-06-01T00:00:00Z,30.0066666666667,0,0
2011-07-01T00:00:00Z,31.0193548387097,0,0
2011-08-01T00:00:00Z,30.9516129032258,0,0
2011-09-01T00:00:00Z,25.2033333333333,0,0
2011-10-01T00:00:00Z,20.1451612903226,0,0
2011-11-01T00:00:00Z,16.15,0,0
2011-12-01T00:00:00Z,13.4967741935484,0,0
2012-01-01T00:00:00Z,11.8806451612903,0,0
2012-02-01T00:00:00Z,13.8655172413793,0,0
2012-03-01T00:00:00Z,20.6032258064516,0,0
2012-04-01T00:00:00Z,22.04,0,0
2012-05-01T00:00:00Z,25.2129032258064,0,0
2012-06-01T00:00:00Z,27.5866666666667,0,0
2012-07-01T00:00:00Z,29.8451612903226,0,0
2012-08-01T00:00:00Z,27.6935483870968,0,0
2012-09-01T00:00:00Z,25.2133333333333,0,0
2012-10-01T00:00:00Z,19.6967741935484,0,0
2012-11-01T00:00:00Z,16.2533333333333,0,0
2012-12-01T00:00:00Z,13.0741935483871,0,0
2013-01-01T00:00:00Z,12.3516129032258,0,0
2013-02-01T00:00:00Z,10.6392857142857,0,0
2013-03-01T00:00:00Z,12.2258064516129,0,0
2013-04-01T00:00:00Z,20.14,0,0
2013-05-01T00:00:00Z,22.8645161290323,0,0
2013-06-01T00:00:00Z,27.34,0,0
2013-07-01T00:00:00Z,27.2032258064516,0,0
2013-08-01T00:00:00Z,26.858064516129,0,0
2013-09-01T00:00:00Z,25.0333333333333,0,0
2013-10-01T00:00:00Z,21.1548387096774,0,0
2013-11-01T00:00:00Z,14.1866666666667,0,0
2013-12-01T00:00:00Z,12.4354838709677,0,0
2014-01-01T00:00:00Z,7.63225806451613,0,0
2014-02-01T00:00:00Z,12.3678571428571,0,0
2014-03-01T00:00:00Z,15.5225806451613,0,0
2014-04-01T00:00:00Z,21.3233333333333,0,0
2014-05-01T00:00:00Z,25.3322580645161,0,0
2014-06-01T00:00:00Z,27.67,0,0
2014-07-01T00:00:00Z,27.5290322580645,0,0
2014-08-01T00:00:00Z,28.3935483870968,0,0
2014-09-01T00:00:00Z,26.3666666666667,0,0
2014-10-01T00:00:00Z,21.658064516129,0,0
2014-11-01T00:00:00Z,14.29,0,0
2014-12-01T00:00:00Z,13.741935483871,0,0
2015-01-01T00:00:00Z,10.0806451612903,0,0
2015-02-01T00:00:00Z,8.22857142857143,0,0
2015-03-01T00:00:00Z,18.0193548387097,0,0
2015-04-01T00:00:00Z,21.1966666666667,0,0
2015-05-01T00:00:00Z,25.7387096774194,0,0
2015-06-01T00:00:00Z,28.9166666666667,0,0
2015-07-01T00:00:00Z,29.2129032258064,0,0
2015-08-01T00:00:00Z,28.4064516129032,0,0
2015-09-01T00:00:00Z,25.4866666666667,0,0
2015-10-01T00:00:00Z,20.9129032258065,0,0
2015-11-01T00:00:00Z,17.13,0,0
2015-12-01T00:00:00Z,16.8903225806452,0,0
2016-01-01T00:00:00Z,8.72903225806452,0,0
2016-02-01T00:00:00Z,10.9586206896552,0,0
2016-03-01T00:00:00Z,19.0645161290323,0,0
2016-04-01T00:00:00Z,21.5233333333333,0,0
2016-05-01T00:00:00Z,24.0451612903226,0,0
2016-06-01T00:00:00Z,29.27,0,0
2016-07-01T00:00:00Z,30.5935483870968,0,0
2016-08-01T00:00:00Z,29.1645161290323,0,0
2016-09-01T00:00:00Z,28.43,0,0
2016-10-01T00:00:00Z,24.0451612903226,0,0
2016-11-01T00:00:00Z,18.5966666666667,0,0
2016-12-01T00:00:00Z,12.0677419354839,0,0
2017-01-01T00:00:00Z,13.0354838709677,0,0
2017-02-01T00:00:00Z,16.725,0,0
2017-03-01T00:00:00Z,16.1516129032258,0,0
2017-04-01T00:00:00Z,23.0166666666667,0,0
2017-05-01T00:00:00Z,24.8548387096774,0,0
2017-06-01T00:00:00Z,26.79,0,0
2017-07-01T00:00:00Z,30.2096774193548,0,0
2017-08-01T00:00:00Z,28.5,0,0
2017-09-01T00:00:00Z,25.93,0,0
2017-10-01T00:00:00Z,22.6,0,0
2017-11-01T00:00:00Z,17.6233333333333,0,0
2017-12-01T00:00:00Z,10.8451612903226,0,0
2018-01-01T00:00:00Z,8.45161290322581,0,0
2018-02-01T00:00:00Z,16.4142857142857,0,0
2018-03-01T00:00:00Z,14.3516129032258,0,0
2018-04-01T00:00:00Z,19.6033333333333,0,0
2018-05-01T00:00:00Z,26.9935483870968,0,0
2018-06-01T00:00:00Z,29.55,0,0
2018-07-01T00:00:00Z,29.1483870967742,0,0
2018-08-01T00:00:00Z,28.8,0,0
2018-09-01T00:00:00Z,28.12,0,0
2018-10-01T00:00:00Z,22.441935483871,0,0
2018-11-01T00:00:00Z,13.7333333333333,0,0
2018-12-01T00:00:00Z,11.5354838709677,0,0
2019-01-01T00:00:00Z,10.158064516129,0,0
2019-02-01T00:00:00Z,15.4964285714286,0,0
2019-03-01T00:00:00Z,15.8774193548387,0,0
2019-04-01T00:00:00Z,22.56,0,0
2019-05-01T00:00:00Z,26.958064516129,0,0
2019-06-01T00:00:00Z,27.37,0,0
2019-07-01T00:00:00Z,29.7612903225806,0,0
2019-08-01T00:00:00Z,29.2230769230769,0,0
2019-09-01T00:00:00Z,29.9366666666667,0,0
2019-10-01T00:00:00Z,22.658064516129,0,0
2019-11-01T00:00:00Z,16.45,0,0
2019-12-01T00:00:00Z,13.7677419354839,0,0
2020-01-01T00:00:00Z,12.0290322580645,0,0
2020-02-01T00:00:00Z,12.9896551724138,0,0
2020-03-01T00:00:00Z,18.4806451612903,0,0
2020-04-01T00:00:00Z,20.0766666666667,0,0
2020-05-01T00:00:00Z,23.2193548387097,0,0
2020-06-01T00:00:00Z,27.41,0,0
2020-07-01T00:00:00Z,29.8903225806452,0,0
2020-08-01T00:00:00Z,28.7838709677419,0,0
2020-09-01T00:00:00Z,25.3833333333333,0,0
2020-10-01T00:00:00Z,22.9096774193548,0,0
2020-11-01T00:00:00Z,18.9766666666667,0,0
2020-12-01T00:00:00Z,11.3612903225806,0,0
2021-01-01T00:00:00Z,10.8741935483871,0,0
2021-02-01T00:00:00Z,12.5928571428571,0,0
2021-03-01T00:00:00Z,18.6935483870968,0,0
2021-04-01T00:00:00Z,20.9633333333333,0,0
2021-05-01T00:00:00Z,23.8,0,0
2021-06-01T00:00:00Z,27.69,0,0
2021-07-01T00:00:00Z,28.9516129032258,0,0
2021-08-01T00:00:00Z,28.8741935483871,0,0
2021-09-01T00:00:00Z,25.8233333333333,0,0
2021-10-01T00:00:00Z,22.0838709677419,0,0
2021-11-01T00:00:00Z,16.3466666666667,0,0
2021-12-01T00:00:00Z,17.0483870967742,0,0
#CO2,"","",""
"",eco2,eco2,eco2
TIMESTEP,MEAN(ppm),VARIANCE(ppm^2),STD_DEV(ppm)
2000-01-01T00:00:00Z,369.05,0,0
2000-02-01T00:00:00Z,369.37,0,0
2000-03-01T00:00:00Z,370.42,0,0
2000-04-01T00:00:00Z,371.57,0,0
2000-05-01T00:00:00Z,371.74,0,0
2000-06-01T00:00:00Z,371.60,0,0
2000-07-01T00:00:00Z,370.02,0,0
2000-08-01T00:00:00Z,368.03,0,0
2000-09-01T00:00:00Z,366.53,0,0
2000-10-01T00:00:00Z,366.64,0,0
2000-11-01T00:00:00Z,368.20,0,0
2000-12-01T00:00:00Z,369.44,0,0
2001-01-01T00:00:00Z,370.20,0,0
2001-02-01T00:00:00Z,371.42,0,0
2001-03-01T00:00:00Z,372.04,0,0
2001-04-01T00:00:00Z,372.78,0,0
2001-05-01T00:00:00Z,373.94,0,0
2001-06-01T00:00:00Z,373.23,0,0
2001-07-01T00:00:00Z,371.54,0,0
2001-08-01T00:00:00Z,369.47,0,0
2001-09-01T00:00:00Z,367.88,0,0
2001-10-01T00:00:00Z,368.01,0,0
2001-11-01T00:00:00Z,369.60,0,0
2001-12-01T00:00:00Z,371.16,0,0
2002-01-01T00:00:00Z,372.36,0,0
2002-02-01T00:00:00Z,373.00,0,0
2002-03-01T00:00:00Z,373.44,0,0
2002-04-01T00:00:00Z,374.77,0,0
2002-05-01T00:00:00Z,375.48,0,0
2002-06-01T00:00:00Z,375.33,0,0
2002-07-01T00:00:00Z,373.95,0,0
2002-08-01T00:00:00Z,371.41,0,0
2002-09-01T00:00:00Z,370.63,0,0
2002-10-01T00:00:00Z,370.18,0,0
2002-11-01T00:00:00Z,372.01,0,0
2002-12-01T00:00:00Z,373.71,0,0
2003-01-01T00:00:00Z,374.61,0,0
2003-02-01T00:00:00Z,375.55,0,0
2003-03-01T00:00:00Z,376.04,0,0
2003-04-01T00:00:00Z,377.58,0,0
2003-05-01T00:00:00Z,378.28,0,0
2003-06-01T00:00:00Z,378.07,0,0
2003-07-01T00:00:00Z,376.54,0,0
2003-08-01T00:00:00Z,374.42,0,0
2003-09-01T00:00:00Z,372.92,0,0
2003-10-01T00:00:00Z,372.94,0,0
2003-11-01T00:00:00Z,374.29,0,0
2003-12-01T00:00:00Z,375.63,0,0
2004-01-01T00:00:00Z,376.73,0,0
2004-02-01T00:00:00Z,377.31,0,0
2004-03-01T00:00:00Z,378.33,0,0
2004-04-01T00:00:00Z,380.44,0,0
2004-05-01T00:00:00Z,380.56,0,0
2004-06-01T00:00:00Z,379.49,0,0
2004-07-01T00:00:00Z,377.71,0,0
2004-08-01T00:00:00Z,375.77,0,0
2004-09-01T00:00:00Z,373.99,0,0
2004-10-01T00:00:00Z,374.17,0,0
2004-11-01T00:00:00Z,375.79,0,0
2004-12-01T00:00:00Z,377.39,0,0
2005-01-01T00:00:00Z,378.29,0,0
2005-02-01T00:00:00Z,379.56,0,0
2005-03-01T00:00:00Z,380.06,0,0
2005-04-01T00:00:00Z,382.01,0,0
2005-05-01T00:00:00Z,382.21,0,0
2005-06-01T00:00:00Z,382.05,0,0
2005-07-01T00:00:00Z,380.63,0,0
2005-08-01T00:00:00Z,378.64,0,0
2005-09-01T00:00:00Z,376.38,0,0
2005-10-01T00:00:00Z,376.77,0,0
2005-11-01T00:00:00Z,378.27,0,0
2005-12-01T00:00:00Z,379.92,0,0
2006-01-01T00:00:00Z,381.33,0,0
2006-02-01T00:00:00Z,381.98,0,0
2006-03-01T00:00:00Z,382.53,0,0
2006-04-01T00:00:00Z,384.33,0,0
2006-05-01T00:00:00Z,384.89,0,0
2006-06-01T00:00:00Z,384.00,0,0
2006-07-01T00:00:00Z,382.25,0,0
2006-08-01T00:00:00Z,380.44,0,0
2006-09-01T00:00:00Z,378.77,0,0
2006-10-01T00:00:00Z,379.03,0,0
2006-11-01T00:00:00Z,380.11,0,0
2006-12-01T00:00:00Z,381.63,0,0
2007-01-01T00:00:00Z,382.55,0,0
2007-02-01T00:00:00Z,383.68,0,0
2007-03-01T00:00:00Z,384.31,0,0
2007-04-01T00:00:00Z,386.20,0,0
2007-05-01T00:00:00Z,386.38,0,0
2007-06-01T00:00:00Z,385.85,0,0
2007-07-01T00:00:00Z,384.42,0,0
2007-08-01T00:00:00Z,381.81,0,0
2007-09-01T00:00:00Z,380.83,0,0
2007-10-01T00:00:00Z,380.83,0,0
2007-11-01T00:00:00Z,382.32,0,0
2007-12-01T00:00:00Z,383.58,0,0
2008-01-01T00:00:00Z,385.04,0,0
2008-02-01T00:00:00Z,385.81,0,0
2008-03-01T00:00:00Z,385.80,0,0
2008-04-01T00:00:00Z,386.74,0,0
2008-05-01T00:00:00Z,388.48,0,0
2008-06-01T00:00:00Z,388.02,0,0
2008-07-01T00:00:00Z,386.22,0,0
2008-08-01T00:00:00Z,384.05,0,0
2008-09-01T00:00:00Z,383.05,0,0
2008-10-01T00:00:00Z,382.75,0,0
2008-11-01T00:00:00Z,383.98,0,0
2008-12-01T00:00:00Z,385.08,0,0
2009-01-01T00:00:00Z,386.63,0,0
2009-02-01T00:00:00Z,387.10,0,0
2009-03-01T00:00:00Z,388.50,0,0
2009-04-01T00:00:00Z,389.54,0,0
2009-05-01T00:00:00Z,390.15,0,0
2009-06-01T00:00:00Z,389.60,0,0
2009-07-01T00:00:00Z,388.05,0,0
2009-08-01T00:00:00Z,386.06,0,0
2009-09-01T00:00:00Z,384.64,0,0
2009-10-01T00:00:00Z,384.32,0,0
2009-11-01T00:00:00Z,386.05,0,0
2009-12-01T00:00:00Z,387.48,0,0
2010-01-01T00:00:00Z,388.55,0,0
2010-02-01T00:00:00Z,390.08,0,0
2010-03-01T00:00:00Z,391.02,0,0
2010-04-01T00:00:00Z,392.39,0,0
2010-05-01T00:00:00Z,393.24,0,0
2010-06-01T00:00:00Z,392.26,0,0
2010-07-01T00:00:00Z,390.35,0,0
2010-08-01T00:00:00Z,388.53,0,0
2010-09-01T00:00:00Z,386.85,0,0
2010-10-01T00:00:00Z,387.18,0,0
2010-11-01T00:00:00Z,388.69,0,0
2010-12-01T00:00:00Z,389.83,0,0
2011-01-01T00:00:00Z,391.33,0,0
2011-02-01T00:00:00Z,391.96,0,0
2011-03-01T00:00:00Z,392.49,0,0
2011-04-01T00:00:00Z,393.40,0,0
2011-05-01T00:00:00Z,394.33,0,0
2011-06-01T00:00:00Z,393.75,0,0
2011-07-01T00:00:00Z,392.64,0,0
2011-08-01T00:00:00Z,390.25,0,0
2011-09-01T00:00:00Z,389.05,0,0
2011-10-01T00:00:00Z,388.98,0,0
2011-11-01T00:00:00Z,390.30,0,0
2011-12-01T00:00:00Z,391.86,0,0
2012-01-01T00:00:00Z,393.13,0,0
2012-02-01T00:00:00Z,393.42,0,0
2012-03-01T00:00:00Z,394.43,0,0
2012-04-01T00:00:00Z,396.51,0,0
2012-05-01T00:00:00Z,396.96,0,0
2012-06-01T00:00:00Z,395.97,0,0
2012-07-01T00:00:00Z,394.60,0,0
2012-08-01T00:00:00Z,392.61,0,0
2012-09-01T00:00:00Z,391.20,0,0
2012-10-01T00:00:00Z,391.09,0,0
2012-11-01T00:00:00Z,393.03,0,0
2012-12-01T00:00:00Z,394.42,0,0
2013-01-01T00:00:00Z,395.69,0,0
2013-02-01T00:00:00Z,396.94,0,0
2013-03-01T00:00:00Z,397.35,0,0
2013-04-01T00:00:00Z,398.44,0,0
2013-05-01T00:00:00Z,400.06,0,0
2013-06-01T00:00:00Z,398.96,0,0
2013-07-01T00:00:00Z,397.46,0,0
2013-08-01T00:00:00Z,395.49,0,0
2013-09-01T00:00:00Z,393.47,0,0
2013-10-01T00:00:00Z,393.77,0,0
2013-11-01T00:00:00Z,395.27,0,0
2013-12-01T00:00:00Z,396.90,0,0
2014-01-01T00:00:00Z,398.01,0,0
2014-02-01T00:00:00Z,398.18,0,0
2014-03-01T00:00:00Z,399.56,0,0
2014-04-01T00:00:00Z,401.44,0,0
2014-05-01T00:00:00Z,401.98,0,0
2014-06-01T00:00:00Z,401.41,0,0
2014-07-01T00:00:00Z,399.17,0,0
2014-08-01T00:00:00Z,397.30,0,0
2014-09-01T00:00:00Z,395.49,0,0
2014-10-01T00:00:00Z,395.74,0,0
2014-11-01T00:00:00Z,397.32,0,0
2014-12-01T00:00:00Z,398.88,0,0
2015-01-01T00:00:00Z,399.94,0,0
2015-02-01T00:00:00Z,400.40,0,0
2015-03-01T00:00:00Z,401.60,0,0
2015-04-01T00:00:00Z,403.53,0,0
2015-05-01T00:00:00Z,404.04,0,0
2015-06-01T00:00:00Z,402.81,0,0
2015-07-01T00:00:00Z,401.54,0,0
2015-08-01T00:00:00Z,398.93,0,0
2015-09-01T00:00:00Z,397.43,0,0
2015-10-01T00:00:00Z,398.22,0,0
2015-11-01T00:00:00Z,400.17,0,0
2015-12-01T00:00:00Z,401.82,0,0
2016-01-01T00:00:00Z,402.58,0,0
2016-02-01T00:00:00Z,404.09,0,0
2016-03-01T00:00:00Z,404.79,0,0
2016-04-01T00:00:00Z,407.50,0,0
2016-05-01T00:00:00Z,407.59,0,0
2016-06-01T00:00:00Z,406.94,0,0
2016-07-01T00:00:00Z,404.43,0,0
2016-08-01T00:00:00Z,402.17,0,0
2016-09-01T00:00:00Z,400.95,0,0
2016-10-01T00:00:00Z,401.43,0,0
2016-11-01T00:00:00Z,403.57,0,0
2016-12-01T00:00:00Z,404.48,0,0
2017-01-01T00:00:00Z,406.00,0,0
2017-02-01T00:00:00Z,406.57,0,0
2017-03-01T00:00:00Z,406.99,0,0
2017-04-01T00:00:00Z,408.88,0,0
2017-05-01T00:00:00Z,409.84,0,0
2017-06-01T00:00:00Z,409.05,0,0
2017-07-01T00:00:00Z,407.13,0,0
2017-08-01T00:00:00Z,405.17,0,0
2017-09-01T00:00:00Z,403.20,0,0
2017-10-01T00:00:00Z,403.57,0,0
2017-11-01T00:00:00Z,405.10,0,0
2017-12-01T00:00:00Z,406.68,0,0
2018-01-01T00:00:00Z,407.98,0,0
2018-02-01T00:00:00Z,408.36,0,0
2018-03-01T00:00:00Z,409.21,0,0
2018-04-01T00:00:00Z,410.24,0,0
2018-05-01T00:00:00Z,411.23,0,0
2018-06-01T00:00:00Z,410.81,0,0
2018-07-01T00:00:00Z,408.83,0,0
2018-08-01T00:00:00Z,407.02,0,0
2018-09-01T00:00:00Z,405.52,0,0
2018-10-01T00:00:00Z,405.93,0,0
2018-11-01T00:00:00Z,408.04,0,0
2018-12-01T00:00:00Z,409.17,0,0
2019-01-01T00:00:00Z,410.85,0,0
2019-02-01T00:00:00Z,411.59,0,0
2019-03-01T00:00:00Z,411.91,0,0
2019-04-01T00:00:00Z,413.46,0,0
2019-05-01T00:00:00Z,414.76,0,0
2019-06-01T00:00:00Z,413.89,0,0
2019-07-01T00:00:00Z,411.78,0,0
2019-08-01T00:00:00Z,410.01,0,0
2019-09-01T00:00:00Z,408.48,0,0
2019-10-01T00:00:00Z,408.40,0,0
2019-11-01T00:00:00Z,410.16,0,0
2019-12-01T00:00:00Z,411.81,0,0
2020-01-01T00:00:00Z,413.30,0,0
2020-02-01T00:00:00Z,414.05,0,0
2020-03-01T00:00:00Z,414.45,0,0
2020-04-01T00:00:00Z,416.11,0,0
2020-05-01T00:00:00Z,417.15,0,0
2020-06-01T00:00:00Z,416.29,0,0
2020-07-01T00:00:00Z,414.42,0,0
2020-08-01T00:00:00Z,412.52,0,0
2020-09-01T00:00:00Z,411.18,0,0
2020-10-01T00:00:00Z,411.12,0,0
2020-11-01T00:00:00Z,412.88,0,0
2020-12-01T00:00:00Z,413.89,0,0
2021-01-01T00:00:00Z,415.15,0,0
2021-02-01T00:00:00Z,416.47,0,0
2021-03-01T00:00:00Z,417.16,0,0
2021-04-01T00:00:00Z,418.24,0,0
2021-05-01T00:00:00Z,418.95,0,0
2021-06-01T00:00:00Z,418.70,0,0
2021-07-01T00:00:00Z,416.65,0,0
2021-08-01T00:00:00Z,414.34,0,0
2021-09-01T00:00:00Z,412.90,0,0
2021-10-01T00:00:00Z,413.55,0,0
2021-11-01T00:00:00Z,414.82,0,0
2021-12-01T00:00:00Z,416.43,0,0
#minrh,"","",""
"",eco2,eco2,eco2
TIMESTEP,MEAN(%),VARIANCE(%^2),STD_DEV(%)
2000-01-01T00:00:00Z,43.5483870967742,0,0
2000-02-01T00:00:00Z,42.6551724137931,0,0
2000-03-01T00:00:00Z,41.2258064516129,0,0
2000-04-01T00:00:00Z,44.3,0,0
2000-05-01T00:00:00Z,50.1612903225806,0,0
2000-06-01T00:00:00Z,58.9,0,0
2000-07-01T00:00:00Z,59,0,0
2000-08-01T00:00:00Z,61.5483870967742,0,0
2000-09-01T00:00:00Z,62.5333333333333,0,0
2000-10-01T00:00:00Z,41.1612903225806,0,0
2000-11-01T00:00:00Z,46.8,0,0
2000-12-01T00:00:00Z,43.6774193548387,0,0
2001-01-01T00:00:00Z,38,0,0
2001-02-01T00:00:00Z,39.6428571428571,0,0
2001-03-01T00:00:00Z,38.6774193548387,0,0
2001-04-01T00:00:00Z,44.9,0,0
2001-05-01T00:00:00Z,54.3225806451613,0,0
2001-06-01T00:00:00Z,63.1666666666667,0,0
2001-07-01T00:00:00Z,60.0967741935484,0,0
2001-08-01T00:00:00Z,53.258064516129,0,0
2001-09-01T00:00:00Z,51.0666666666667,0,0
2001-10-01T00:00:00Z,35.2903225806452,0,0
2001-11-01T00:00:00Z,33.9333333333333,0,0
2001-12-01T00:00:00Z,39.3225806451613,0,0
2002-01-01T00:00:00Z,35.2258064516129,0,0
2002-02-01T00:00:00Z,29.1785714285714,0,0
2002-03-01T00:00:00Z,33.6129032258064,0,0
2002-04-01T00:00:00Z,34.9666666666667,0,0
2002-05-01T00:00:00Z,42.7741935483871,0,0
2002-06-01T00:00:00Z,45.1,0,0
2002-07-01T00:00:00Z,49.8709677419355,0,0
2002-08-01T00:00:00Z,45.0645161290323,0,0
2002-09-01T00:00:00Z,60.4,0,0
2002-10-01T00:00:00Z,59.5483870967742,0,0
2002-11-01T00:00:00Z,46.1666666666667,0,0
2002-12-01T00:00:00Z,43.4193548387097,0,0
2003-01-01T00:00:00Z,32.7741935483871,0,0
2003-02-01T00:00:00Z,43.6071428571429,0,0
2003-03-01T00:00:00Z,40.5483870967742,0,0
2003-04-01T00:00:00Z,39.8666666666667,0,0
2003-05-01T00:00:00Z,46.8064516129032,0,0
2003-06-01T00:00:00Z,48.5333333333333,0,0
2003-07-01T00:00:00Z,55.0967741935484,0,0
2003-08-01T00:00:00Z,55.1612903225806,0,0
2003-09-01T00:00:00Z,48.2666666666667,0,0
2003-10-01T00:00:00Z,45.6774193548387,0,0
2003-11-01T00:00:00Z,38.9333333333333,0,0
2003-12-01T00:00:00Z,37.1290322580645,0,0
2004-01-01T00:00:00Z,35.8709677419355,0,0
2004-02-01T00:00:00Z,40.2413793103448,0,0
2004-03-01T00:00:00Z,32.5161290322581,0,0
2004-04-01T00:00:00Z,30.9666666666667,0,0
2004-05-01T00:00:00Z,47.0322580645161,0,0
2004-06-01T00:00:00Z,53.1666666666667,0,0
2004-07-01T00:00:00Z,51.0645161290323,0,0
2004-08-01T00:00:00Z,52.3548387096774,0,0
2004-09-01T00:00:00Z,50.0666666666667,0,0
2004-10-01T00:00:00Z,48.9677419354839,0,0
2004-11-01T00:00:00Z,44.0666666666667,0,0
2004-12-01T00:00:00Z,39.8387096774194,0,0
2005-01-01T00:00:00Z,38.0967741935484,0,0
2005-02-01T00:00:00Z,37.8928571428571,0,0
2005-03-01T00:00:00Z,32.5483870967742,0,0
2005-04-01T00:00:00Z,33.6,0,0
2005-05-01T00:00:00Z,36.0322580645161,0,0
2005-06-01T00:00:00Z,52.0666666666667,0,0
2005-07-01T00:00:00Z,54.6774193548387,0,0
2005-08-01T00:00:00Z,54.9354838709677,0,0
2005-09-01T00:00:00Z,46.1333333333333,0,0
2005-10-01T00:00:00Z,46.7096774193548,0,0
2005-11-01T00:00:00Z,36.6,0,0
2005-12-01T00:00:00Z,37.7096774193548,0,0
2006-01-01T00:00:00Z,39.8709677419355,0,0
2006-02-01T00:00:00Z,33.75,0,0
2006-03-01T00:00:00Z,27.6774193548387,0,0
2006-04-01T00:00:00Z,29.5333333333333,0,0
2006-05-01T00:00:00Z,40.3548387096774,0,0
2006-06-01T00:00:00Z,40.1666666666667,0,0
2006-07-01T00:00:00Z,45.4193548387097,0,0
2006-08-01T00:00:00Z,51.4838709677419,0,0
2006-09-01T00:00:00Z,55.0333333333333,0,0
2006-10-01T00:00:00Z,39,0,0
2006-11-01T00:00:00Z,34.7666666666667,0,0
2006-12-01T00:00:00Z,37.4838709677419,0,0
2007-01-01T00:00:00Z,36.1935483870968,0,0
2007-02-01T00:00:00Z,25.1785714285714,0,0
2007-03-01T00:00:00Z,28.8064516129032,0,0
2007-04-01T00:00:00Z,27,0,0
2007-05-01T00:00:00Z,31,0,0
2007-06-01T00:00:00Z,37.88,0,0
2007-07-01T00:00:00Z,51.9032258064516,0,0
2007-08-01T00:00:00Z,45.741935483871,0,0
2007-09-01T00:00:00Z,43.6333333333333,0,0
2007-10-01T00:00:00Z,44.8064516129032,0,0
2007-11-01T00:00:00Z,35,0,0
2007-12-01T00:00:00Z,43.9354838709677,0,0
2008-01-01T00:00:00Z,31.6774193548387,0,0
2008-02-01T00:00:00Z,34.5862068965517,0,0
2008-03-01T00:00:00Z,34.9032258064516,0,0
2008-04-01T00:00:00Z,34.1666666666667,0,0
2008-05-01T00:00:00Z,36.5806451612903,0,0
2008-06-01T00:00:00Z,37.9666666666667,0,0
2008-07-01T00:00:00Z,39,0,0
2008-08-01T00:00:00Z,41.2258064516129,0,0
2008-09-01T00:00:00Z,47.9333333333333,0,0
2008-10-01T00:00:00Z,38.9677419354839,0,0
2008-11-01T00:00:00Z,35.3666666666667,0,0
2008-12-01T00:00:00Z,47.741935483871,0,0
2009-01-01T00:00:00Z,39.1612903225806,0,0
2009-02-01T00:00:00Z,33.4285714285714,0,0
2009-03-01T00:00:00Z,40.8064516129032,0,0
2009-04-01T00:00:00Z,34.3,0,0
2009-05-01T00:00:00Z,49.3870967741936,0,0
2009-06-01T00:00:00Z,39.4333333333333,0,0
2009-07-01T00:00:00Z,48.1612903225806,0,0
2009-08-01T00:00:00Z,52.5161290322581,0,0
2009-09-01T00:00:00Z,58.2333333333333,0,0
2009-10-01T00:00:00Z,51.5806451612903,0,0
2009-11-01T00:00:00Z,38.5,0,0
2009-12-01T00:00:00Z,44.4193548387097,0,0
2010-01-01T00:00:00Z,40.7096774193548,0,0
2010-02-01T00:00:00Z,41.5357142857143,0,0
2010-03-01T00:00:00Z,39.8709677419355,0,0
2010-04-01T00:00:00Z,22.6666666666667,0,0
2010-05-01T00:00:00Z,43.8,0,0
2010-06-01T00:00:00Z,45.0333333333333,0,0
2010-07-01T00:00:00Z,46.0322580645161,0,0
2010-08-01T00:00:00Z,50.2857142857143,0,0
2010-09-01T00:00:00Z,42.1666666666667,0,0
2010-10-01T00:00:00Z,32.8064516129032,0,0
2010-11-01T00:00:00Z,40.3333333333333,0,0
2010-12-01T00:00:00Z,38.4516129032258,0,0
2011-01-01T00:00:00Z,41.0645161290323,0,0
2011-02-01T00:00:00Z,32.6071428571429,0,0
2011-03-01T00:00:00Z,38.6129032258064,0,0
2011-04-01T00:00:00Z,30.7333333333333,0,0
2011-05-01T00:00:00Z,38.0322580645161,0,0
2011-06-01T00:00:00Z,42.0666666666667,0,0
2011-07-01T00:00:00Z,48.6451612903226,0,0
2011-08-01T00:00:00Z,39.4193548387097,0,0
2011-09-01T00:00:00Z,50.2666666666667,0,0
2011-10-01T00:00:00Z,38.1612903225806,0,0
2011-11-01T00:00:00Z,45.6666666666667,0,0
2011-12-01T00:00:00Z,46.741935483871,0,0
2012-01-01T00:00:00Z,46.2258064516129,0,0
2012-02-01T00:00:00Z,38.0344827586207,0,0
2012-03-01T00:00:00Z,34.4193548387097,0,0
2012-04-01T00:00:00Z,38.2,0,0
2012-05-01T00:00:00Z,45.1290322580645,0,0
2012-06-01T00:00:00Z,42.3666666666667,0,0
2012-07-01T00:00:00Z,51.2903225806452,0,0
2012-08-01T00:00:00Z,51.0322580645161,0,0
2012-09-01T00:00:00Z,50.6333333333333,0,0
2012-10-01T00:00:00Z,46.0322580645161,0,0
2012-11-01T00:00:00Z,32.8333333333333,0,0
2012-12-01T00:00:00Z,52.1612903225806,0,0
2013-01-01T00:00:00Z,49.1935483870968,0,0
2013-02-01T00:00:00Z,34.5,0,0
2013-03-01T00:00:00Z,34.6451612903226,0,0
2013-04-01T00:00:00Z,33.5666666666667,0,0
2013-05-01T00:00:00Z,41.9677419354839,0,0
2013-06-01T00:00:00Z,48.1,0,0
2013-07-01T00:00:00Z,57.2903225806452,0,0
2013-08-01T00:00:00Z,57.8709677419355,0,0
2013-09-01T00:00:00Z,53.2333333333333,0,0
2013-10-01T00:00:00Z,47.3870967741936,0,0
2013-11-01T00:00:00Z,35.3666666666667,0,0
2013-12-01T00:00:00Z,47.9032258064516,0,0
2014-01-01T00:00:00Z,30.4193548387097,0,0
2014-02-01T00:00:00Z,38.75,0,0
2014-03-01T00:00:00Z,33.9032258064516,0,0
2014-04-01T00:00:00Z,32.5666666666667,0,0
2014-05-01T00:00:00Z,38.6774193548387,0,0
2014-06-01T00:00:00Z,50.5333333333333,0,0
2014-07-01T00:00:00Z,51.0322580645161,0,0
2014-08-01T00:00:00Z,50.1935483870968,0,0
2014-09-01T00:00:00Z,54.7,0,0
2014-10-01T00:00:00Z,43.1935483870968,0,0
2014-11-01T00:00:00Z,31.8333333333333,0,0
2014-12-01T00:00:00Z,48.7096774193548,0,0
2015-01-01T00:00:00Z,37.7096774193548,0,0
2015-02-01T00:00:00Z,35.5357142857143,0,0
2015-03-01T00:00:00Z,38.0967741935484,0,0
2015-04-01T00:00:00Z,39.1666666666667,0,0
2015-05-01T00:00:00Z,40.7741935483871,0,0
2015-06-01T00:00:00Z,46.1,0,0
2015-07-01T00:00:00Z,52,0,0
2015-08-01T00:00:00Z,49,0,0
2015-09-01T00:00:00Z,54.0333333333333,0,0
2015-10-01T00:00:00Z,50.258064516129,0,0
2015-11-01T00:00:00Z,48.6666666666667,0,0
2015-12-01T00:00:00Z,52.9354838709677,0,0
2016-01-01T00:00:00Z,38.3225806451613,0,0
2016-02-01T00:00:00Z,40.551724137931,0,0
2016-03-01T00:00:00Z,32.7741935483871,0,0
2016-04-01T00:00:00Z,28.4666666666667,0,0
2016-05-01T00:00:00Z,39.6129032258064,0,0
2016-06-01T00:00:00Z,41.3,0,0
2016-07-01T00:00:00Z,46,0,0
2016-08-01T00:00:00Z,56.0967741935484,0,0
2016-09-01T00:00:00Z,44.0666666666667,0,0
2016-10-01T00:00:00Z,38.1935483870968,0,0
2016-11-01T00:00:00Z,31.1666666666667,0,0
2016-12-01T00:00:00Z,44.3870967741936,0,0
2017-01-01T00:00:00Z,45.5806451612903,0,0
2017-02-01T00:00:00Z,33.4285714285714,0,0
2017-03-01T00:00:00Z,33,0,0
2017-04-01T00:00:00Z,40.3666666666667,0,0
2017-05-01T00:00:00Z,40.7741935483871,0,0
2017-06-01T00:00:00Z,50.6666666666667,0,0
2017-07-01T00:00:00Z,46.0967741935484,0,0
2017-08-01T00:00:00Z,49.4838709677419,0,0
2017-09-01T00:00:00Z,47.6,0,0
2017-10-01T00:00:00Z,41.9354838709677,0,0
2017-11-01T00:00:00Z,43.2,0,0
2017-12-01T00:00:00Z,45.2903225806452,0,0
2018-01-01T00:00:00Z,37.0322580645161,0,0
2018-02-01T00:00:00Z,48.7142857142857,0,0
2018-03-01T00:00:00Z,34.2258064516129,0,0
2018-04-01T00:00:00Z,34.3666666666667,0,0
2018-05-01T00:00:00Z,45.5806451612903,0,0
2018-06-01T00:00:00Z,43.2666666666667,0,0
2018-07-01T00:00:00Z,51.7741935483871,0,0
2018-08-01T00:00:00Z,51.8064516129032,0,0
2018-09-01T00:00:00Z,56.7,0,0
2018-10-01T00:00:00Z,46.3548387096774,0,0
2018-11-01T00:00:00Z,48.8,0,0
2018-12-01T00:00:00Z,53.5483870967742,0,0
2019-01-01T00:00:00Z,43.8387096774194,0,0
2019-02-01T00:00:00Z,45.25,0,0
2019-03-01T00:00:00Z,30.9032258064516,0,0
2019-04-01T00:00:00Z,33.7,0,0
2019-05-01T00:00:00Z,40.4193548387097,0,0
2019-06-01T00:00:00Z,47.7333333333333,0,0
2019-07-01T00:00:00Z,49.0645161290323,0,0
2019-08-01T00:00:00Z,48.4230769230769,0,0
2019-09-01T00:00:00Z,41.1666666666667,0,0
2019-10-01T00:00:00Z,50.4193548387097,0,0
2019-11-01T00:00:00Z,35.0333333333333,0,0
2019-12-01T00:00:00Z,45.4838709677419,0,0
2020-01-01T00:00:00Z,44.1935483870968,0,0
2020-02-01T00:00:00Z,42.8275862068966,0,0
2020-03-01T00:00:00Z,42.9032258064516,0,0
2020-04-01T00:00:00Z,31.9666666666667,0,0
2020-05-01T00:00:00Z,44.3870967741936,0,0
2020-06-01T00:00:00Z,49.8,0,0
2020-07-01T00:00:00Z,52.4193548387097,0,0
2020-08-01T00:00:00Z,55.3548387096774,0,0
2020-09-01T00:00:00Z,54.7333333333333,0,0
2020-10-01T00:00:00Z,48.7096774193548,0,0
2020-11-01T00:00:00Z,35.5,0,0
2020-12-01T00:00:00Z,43.9032258064516,0,0
2021-01-01T00:00:00Z,42.2258064516129,0,0
2021-02-01T00:00:00Z,44.5714285714286,0,0
2021-03-01T00:00:00Z,34.258064516129,0,0
2021-04-01T00:00:00Z,26.6333333333333,0,0
2021-05-01T00:00:00Z,37.9032258064516,0,0
2021-06-01T00:00:00Z,46.3333333333333,0,0
2021-07-01T00:00:00Z,49.7741935483871,0,0
2021-08-01T00:00:00Z,52.9354838709677,0,0
2021-09-01T00:00:00Z,51.1666666666667,0,0
2021-10-01T00:00:00Z,50.6774193548387,0,0
2021-11-01T00:00:00Z,30.5333333333333,0,0
2021-12-01T00:00:00Z,46.2903225806452,0,0
#maxrh,"","",""
"",eco2,eco2,eco2
TIMESTEP,MEAN(%),VARIANCE(%^2)),STD_DEV(%)
2000-01-01T00:00:00Z,91.0967741935484,0,0
2000-02-01T00:00:00Z,97.551724137931,0,0
2000-03-01T00:00:00Z,98.5483870967742,0,0
2000-04-01T00:00:00Z,97.9666666666667,0,0
2000-05-01T00:00:00Z,99.3870967741936,0,0
2000-06-01T00:00:00Z,99.9666666666667,0,0
2000-07-01T00:00:00Z,99.8064516129032,0,0
2000-08-01T00:00:00Z,99.0645161290323,0,0
2000-09-01T00:00:00Z,98.0666666666667,0,0
2000-10-01T00:00:00Z,95.4838709677419,0,0
2000-11-01T00:00:00Z,92.7,0,0
2000-12-01T00:00:00Z,89.741935483871,0,0
2001-01-01T00:00:00Z,86.4838709677419,0,0
2001-02-01T00:00:00Z,84.8571428571429,0,0
2001-03-01T00:00:00Z,85.1612903225806,0,0
2001-04-01T00:00:00Z,95.4,0,0
2001-05-01T00:00:00Z,99.9354838709677,0,0
2001-06-01T00:00:00Z,99.5333333333333,0,0
2001-07-01T00:00:00Z,98.8387096774194,0,0
2001-08-01T00:00:00Z,99.9032258064516,0,0
2001-09-01T00:00:00Z,100,0,0
2001-10-01T00:00:00Z,97.741935483871,0,0
2001-11-01T00:00:00Z,99,0,0
2001-12-01T00:00:00Z,97.3548387096774,0,0
2002-01-01T00:00:00Z,97.8709677419355,0,0
2002-02-01T00:00:00Z,95.2142857142857,0,0
2002-03-01T00:00:00Z,96.5806451612903,0,0
2002-04-01T00:00:00Z,96.2666666666667,0,0
2002-05-01T00:00:00Z,98.8064516129032,0,0
2002-06-01T00:00:00Z,98.5666666666667,0,0
2002-07-01T00:00:00Z,98.8387096774194,0,0
2002-08-01T00:00:00Z,98.2903225806452,0,0
2002-09-01T00:00:00Z,98.7333333333333,0,0
2002-10-01T00:00:00Z,98.8709677419355,0,0
2002-11-01T00:00:00Z,98.8,0,0
2002-12-01T00:00:00Z,97.1935483870968,0,0
2003-01-01T00:00:00Z,90.0967741935484,0,0
2003-02-01T00:00:00Z,96.2857142857143,0,0
2003-03-01T00:00:00Z,97.3548387096774,0,0
2003-04-01T00:00:00Z,97.2666666666667,0,0
2003-05-01T00:00:00Z,96.8709677419355,0,0
2003-06-01T00:00:00Z,97.7666666666667,0,0
2003-07-01T00:00:00Z,98.0967741935484,0,0
2003-08-01T00:00:00Z,97.9677419354839,0,0
2003-09-01T00:00:00Z,98.4666666666667,0,0
2003-10-01T00:00:00Z,97.9032258064516,0,0
2003-11-01T00:00:00Z,95.3333333333333,0,0
2003-12-01T00:00:00Z,96.1935483870968,0,0
2004-01-01T00:00:00Z,92.5161290322581,0,0
2004-02-01T00:00:00Z,94.2758620689655,0,0
2004-03-01T00:00:00Z,92.0645161290323,0,0
2004-04-01T00:00:00Z,89.4,0,0
2004-05-01T00:00:00Z,97.1290322580645,0,0
2004-06-01T00:00:00Z,98.2666666666667,0,0
2004-07-01T00:00:00Z,99.0967741935484,0,0
2004-08-01T00:00:00Z,99.1612903225806,0,0
2004-09-01T00:00:00Z,99.4,0,0
2004-10-01T00:00:00Z,99.5806451612903,0,0
2004-11-01T00:00:00Z,99.2333333333333,0,0
2004-12-01T00:00:00Z,96.5483870967742,0,0
2005-01-01T00:00:00Z,93.9032258064516,0,0
2005-02-01T00:00:00Z,96.8571428571429,0,0
2005-03-01T00:00:00Z,92.8064516129032,0,0
2005-04-01T00:00:00Z,95.9,0,0
2005-05-01T00:00:00Z,98.3870967741936,0,0
2005-06-01T00:00:00Z,99.6666666666667,0,0
2005-07-01T00:00:00Z,99.9677419354839,0,0
2005-08-01T00:00:00Z,99.9032258064516,0,0
2005-09-01T00:00:00Z,100,0,0
2005-10-01T00:00:00Z,98.9677419354839,0,0
2005-11-01T00:00:00Z,97.2666666666667,0,0
2005-12-01T00:00:00Z,98.5161290322581,0,0
2006-01-01T00:00:00Z,94.9677419354839,0,0
2006-02-01T00:00:00Z,93.7857142857143,0,0
2006-03-01T00:00:00Z,93.7741935483871,0,0
2006-04-01T00:00:00Z,95.6333333333333,0,0
2006-05-01T00:00:00Z,99.741935483871,0,0
2006-06-01T00:00:00Z,99.7666666666667,0,0
2006-07-01T00:00:00Z,99.741935483871,0,0
2006-08-01T00:00:00Z,99.7096774193548,0,0
2006-09-01T00:00:00Z,100,0,0
2006-10-01T00:00:00Z,99,0,0
2006-11-01T00:00:00Z,98.5,0,0
2006-12-01T00:00:00Z,97.9032258064516,0,0
2007-01-01T00:00:00Z,95.7741935483871,0,0
2007-02-01T00:00:00Z,91.1071428571429,0,0
2007-03-01T00:00:00Z,93.4193548387097,0,0
2007-04-01T00:00:00Z,92.4,0,0
2007-05-01T00:00:00Z,98.7741935483871,0,0
2007-06-01T00:00:00Z,98.64,0,0
2007-07-01T00:00:00Z,98.1935483870968,0,0
2007-08-01T00:00:00Z,98.5161290322581,0,0
2007-09-01T00:00:00Z,98.7333333333333,0,0
2007-10-01T00:00:00Z,98.7741935483871,0,0
2007-11-01T00:00:00Z,97.4333333333333,0,0
2007-12-01T00:00:00Z,96.9354838709677,0,0
2008-01-01T00:00:00Z,95.5483870967742,0,0
2008-02-01T00:00:00Z,94.1724137931034,0,0
2008-03-01T00:00:00Z,96,0,0
2008-04-01T00:00:00Z,94.5666666666667,0,0
2008-05-01T00:00:00Z,97.6129032258064,0,0
2008-06-01T00:00:00Z,100,0,0
2008-07-01T00:00:00Z,99.9677419354839,0,0
2008-08-01T00:00:00Z,99.0967741935484,0,0
2008-09-01T00:00:00Z,100,0,0
2008-10-01T00:00:00Z,98.3870967741936,0,0
2008-11-01T00:00:00Z,97.1666666666667,0,0
2008-12-01T00:00:00Z,96.7096774193548,0,0
2009-01-01T00:00:00Z,96.2258064516129,0,0
2009-02-01T00:00:00Z,94.2857142857143,0,0
2009-03-01T00:00:00Z,97.5806451612903,0,0
2009-04-01T00:00:00Z,98.0333333333333,0,0
2009-05-01T00:00:00Z,99.3225806451613,0,0
2009-06-01T00:00:00Z,100,0,0
2009-07-01T00:00:00Z,100,0,0
2009-08-01T00:00:00Z,100,0,0
2009-09-01T00:00:00Z,99.7333333333333,0,0
2009-10-01T00:00:00Z,99.6129032258064,0,0
2009-11-01T00:00:00Z,99.0666666666667,0,0
2009-12-01T00:00:00Z,96.2258064516129,0,0
2010-01-01T00:00:00Z,94.9677419354839,0,0
2010-02-01T00:00:00Z,93.2142857142857,0,0
2010-03-01T00:00:00Z,97.6129032258064,0,0
2010-04-01T00:00:00Z,95.6666666666667,0,0
2010-05-01T00:00:00Z,96.9,0,0
2010-06-01T00:00:00Z,98.3,0,0
2010-07-01T00:00:00Z,98.3225806451613,0,0
2010-08-01T00:00:00Z,98.5357142857143,0,0
2010-09-01T00:00:00Z,98.8,0,0
2010-10-01T00:00:00Z,99.1612903225806,0,0
2010-11-01T00:00:00Z,98.2666666666667,0,0
2010-12-01T00:00:00Z,92.8709677419355,0,0
2011-01-01T00:00:00Z,95.0645161290323,0,0
2011-02-01T00:00:00Z,93.7142857142857,0,0
2011-03-01T00:00:00Z,96.4838709677419,0,0
2011-04-01T00:00:00Z,97.8666666666667,0,0
2011-05-01T00:00:00Z,98.9354838709677,0,0
2011-06-01T00:00:00Z,99.9666666666667,0,0
2011-07-01T00:00:00Z,99.9354838709677,0,0
2011-08-01T00:00:00Z,99.6129032258064,0,0
2011-09-01T00:00:00Z,99.8,0,0
2011-10-01T00:00:00Z,98.7096774193548,0,0
2011-11-01T00:00:00Z,98.4333333333333,0,0
2011-12-01T00:00:00Z,99.3870967741936,0,0
2012-01-01T00:00:00Z,97.6129032258064,0,0
2012-02-01T00:00:00Z,96.448275862069,0,0
2012-03-01T00:00:00Z,96.9354838709677,0,0
2012-04-01T00:00:00Z,94.9333333333333,0,0
2012-05-01T00:00:00Z,99.9677419354839,0,0
2012-06-01T00:00:00Z,99.7666666666667,0,0
2012-07-01T00:00:00Z,99.9677419354839,0,0
2012-08-01T00:00:00Z,100,0,0
2012-09-01T00:00:00Z,100,0,0
2012-10-01T00:00:00Z,97.7741935483871,0,0
2012-11-01T00:00:00Z,98,0,0
2012-12-01T00:00:00Z,97.9677419354839,0,0
2013-01-01T00:00:00Z,97.5806451612903,0,0
2013-02-01T00:00:00Z,95.7857142857143,0,0
2013-03-01T00:00:00Z,91.4838709677419,0,0
2013-04-01T00:00:00Z,96.9666666666667,0,0
2013-05-01T00:00:00Z,98.0645161290323,0,0
2013-06-01T00:00:00Z,100,0,0
2013-07-01T00:00:00Z,100,0,0
2013-08-01T00:00:00Z,100,0,0
2013-09-01T00:00:00Z,100,0,0
2013-10-01T00:00:00Z,99.7741935483871,0,0
2013-11-01T00:00:00Z,98.2333333333333,0,0
2013-12-01T00:00:00Z,98.8064516129032,0,0
2014-01-01T00:00:00Z,93.0967741935484,0,0
2014-02-01T00:00:00Z,97.8214285714286,0,0
2014-03-01T00:00:00Z,94.4193548387097,0,0
2014-04-01T00:00:00Z,96,0,0
2014-05-01T00:00:00Z,98.7741935483871,0,0
2014-06-01T00:00:00Z,99.7,0,0
2014-07-01T00:00:00Z,100,0,0
2014-08-01T00:00:00Z,99.9354838709677,0,0
2014-09-01T00:00:00Z,100,0,0
2014-10-01T00:00:00Z,100,0,0
2014-11-01T00:00:00Z,97.1666666666667,0,0
2014-12-01T00:00:00Z,99.4838709677419,0,0
2015-01-01T00:00:00Z,96.0967741935484,0,0
2015-02-01T00:00:00Z,93.9285714285714,0,0
2015-03-01T00:00:00Z,98.9032258064516,0,0
2015-04-01T00:00:00Z,96.5,0,0
2015-05-01T00:00:00Z,97,0,0
2015-06-01T00:00:00Z,98.1333333333333,0,0
2015-07-01T00:00:00Z,98.6129032258064,0,0
2015-08-01T00:00:00Z,98.8709677419355,0,0
2015-09-01T00:00:00Z,99.3333333333333,0,0
2015-10-01T00:00:00Z,99.741935483871,0,0
2015-11-01T00:00:00Z,97.8,0,0
2015-12-01T00:00:00Z,99.2258064516129,0,0
2016-01-01T00:00:00Z,95.5161290322581,0,0
2016-02-01T00:00:00Z,92.8275862068966,0,0
2016-03-01T00:00:00Z,96.5161290322581,0,0
2016-04-01T00:00:00Z,94.6666666666667,0,0
2016-05-01T00:00:00Z,98.4838709677419,0,0
2016-06-01T00:00:00Z,99.5,0,0
2016-07-01T00:00:00Z,99.9677419354839,0,0
2016-08-01T00:00:00Z,99.7741935483871,0,0
2016-09-01T00:00:00Z,99.9666666666667,0,0
2016-10-01T00:00:00Z,99.3870967741936,0,0
2016-11-01T00:00:00Z,96.8333333333333,0,0
2016-12-01T00:00:00Z,98.2903225806452,0,0
2017-01-01T00:00:00Z,97.1290322580645,0,0
2017-02-01T00:00:00Z,96.1785714285714,0,0
2017-03-01T00:00:00Z,94.5806451612903,0,0
2017-04-01T00:00:00Z,97.0666666666667,0,0
2017-05-01T00:00:00Z,99.1290322580645,0,0
2017-06-01T00:00:00Z,99.8333333333333,0,0
2017-07-01T00:00:00Z,99.9677419354839,0,0
2017-08-01T00:00:00Z,99.8387096774194,0,0
2017-09-01T00:00:00Z,99.9333333333333,0,0
2017-10-01T00:00:00Z,99.9677419354839,0,0
2017-11-01T00:00:00Z,99.8333333333333,0,0
2017-12-01T00:00:00Z,97.1612903225806,0,0
2018-01-01T00:00:00Z,94.6774193548387,0,0
2018-02-01T00:00:00Z,98.7142857142857,0,0
2018-03-01T00:00:00Z,90.1935483870968,0,0
2018-04-01T00:00:00Z,94.1,0,0
2018-05-01T00:00:00Z,99.1612903225806,0,0
2018-06-01T00:00:00Z,99.1333333333333,0,0
2018-07-01T00:00:00Z,99.1612903225806,0,0
2018-08-01T00:00:00Z,99.6774193548387,0,0
2018-09-01T00:00:00Z,99.6,0,0
2018-10-01T00:00:00Z,99.6774193548387,0,0
2018-11-01T00:00:00Z,98.6333333333333,0,0
2018-12-01T00:00:00Z,99.2903225806452,0,0
2019-01-01T00:00:00Z,96.0322580645161,0,0
2019-02-01T00:00:00Z,96.8928571428571,0,0
2019-03-01T00:00:00Z,94.8709677419355,0,0
2019-04-01T00:00:00Z,96.8666666666667,0,0
2019-05-01T00:00:00Z,99.9354838709677,0,0
2019-06-01T00:00:00Z,99.6,0,0
2019-07-01T00:00:00Z,100,0,0
2019-08-01T00:00:00Z,99.8076923076923,0,0
2019-09-01T00:00:00Z,100,0,0
2019-10-01T00:00:00Z,100,0,0
2019-11-01T00:00:00Z,99.5,0,0
2019-12-01T00:00:00Z,96.8064516129032,0,0
2020-01-01T00:00:00Z,98.0322580645161,0,0
2020-02-01T00:00:00Z,96.6551724137931,0,0
2020-03-01T00:00:00Z,98.2903225806452,0,0
2020-04-01T00:00:00Z,94.6666666666667,0,0
2020-05-01T00:00:00Z,97,0,0
2020-06-01T00:00:00Z,98.8333333333333,0,0
2020-07-01T00:00:00Z,99.7096774193548,0,0
2020-08-01T00:00:00Z,100,0,0
2020-09-01T00:00:00Z,99.7,0,0
2020-10-01T00:00:00Z,99.6451612903226,0,0
2020-11-01T00:00:00Z,97.8,0,0
2020-12-01T00:00:00Z,97.3225806451613,0,0
2021-01-01T00:00:00Z,96.8387096774194,0,0
2021-02-01T00:00:00Z,96.3571428571429,0,0
2021-03-01T00:00:00Z,94.5806451612903,0,0
2021-04-01T00:00:00Z,94.4666666666667,0,0
2021-05-01T00:00:00Z,97.1290322580645,0,0
2021-06-01T00:00:00Z,98.0666666666667,0,0
2021-07-01T00:00:00Z,98.4193548387097,0,0
2021-08-01T00:00:00Z,98.8387096774194,0,0
2021-09-01T00:00:00Z,99.3666666666667,0,0
2021-10-01T00:00:00Z,99.6451612903226,0,0
2021-11-01T00:00:00Z,98.0666666666667,0,0
2021-12-01T00:00:00Z,99.5161290322581,0,0
